Pattern,Complexity
00000000000,0.0
11111111111,0.0
11111100000,3.939776544069762
11111000000,4.232438448512818
11111110000,4.545063992815507
11110000000,4.846909446836484
11111111000,5.027579517241025
11111111100,5.345948663262065
11100000000,5.346649972179838
11000000000,5.709585026898428
11111111110,6.276694243254072
11100011100,10.578738164134771
10111111000,10.81727872966798
11111101000,10.81727872966798
10001111110,10.946266296692944
11100011110,10.946266296692944
11110001110,10.946266296692944
11111100010,10.946266296692944
11001100000,11.043662820183712
11111000001,11.049341520275778
10111111100,11.063608024368916
11110111100,11.063608024368916
11111110100,11.063608024368916
11001111100,11.06727872966798
11111001100,11.06727872966798
10000111100,11.079626800891766
10111100000,11.079626800891766
10111110000,11.079626800891766
11001110000,11.079626800891766
11001111000,11.079626800891766
11100110000,11.079626800891766
11100111000,11.079626800891766
11101110000,11.079626800891766
11110000100,11.079626800891766
11110011000,11.079626800891766
11110100000,11.079626800891766
11111010000,11.079626800891766
10100000000,11.15793704901569
11011111000,11.180915093304343
11101111000,11.180915093304343
11110111000,11.180915093304343
11111011000,11.180915093304343
10011111110,11.192595591393879
11001111110,11.192595591393879
11110011110,11.192595591393879
11111100110,11.192595591393879
11111110010,11.192595591393879
10000011110,11.208614367916729
10000111110,11.208614367916729
11000011110,11.208614367916729
11100001110,11.208614367916729
11110000010,11.208614367916729
11110000110,11.208614367916729
11111000010,11.208614367916729
10000000010,11.286924616040652
10111111110,11.286924616040652
11111111010,11.286924616040652
11000111110,11.309902660329307
11111000110,11.309902660329307
11000111000,11.329626800891766
11100011000,11.329626800891766
10011000000,11.382678479307728
10110000000,11.382678479307728
11001000000,11.382678479307728
11010000000,11.382678479307728
11011111100,11.42724438800528
11101111100,11.42724438800528
11111011100,11.42724438800528
11111101100,11.42724438800528
10011111100,11.430915093304343
11100111100,11.430915093304343
11110011100,11.430915093304343
11111100100,11.430915093304343
10001111100,11.44326316452813
10011110000,11.44326316452813
10011111000,11.44326316452813
11000011100,11.44326316452813
11000111100,11.44326316452813
11011100000,11.44326316452813
11011110000,11.44326316452813
11100001100,11.44326316452813
11101100000,11.44326316452813
11110001100,11.44326316452813
11110010000,11.44326316452813
11110110000,11.44326316452813
11111000100,11.44326316452813
11111001000,11.44326316452813
10000011111,11.450656983553845
11000001111,11.450656983553845
11100000111,11.450656983553845
11110000011,11.450656983553845
10000000110,11.511666046332692
11000000010,11.511666046332692
10001110000,11.544551456940708
10111000000,11.544551456940708
11000001100,11.544551456940708
11000011000,11.544551456940708
11000110000,11.544551456940708
11011000000,11.544551456940708
11100010000,11.544551456940708
11101000000,11.544551456940708
11100111110,11.556231955030242
11111001110,11.556231955030242
11000001110,11.572250731553092
11100000110,11.572250731553092
10000000100,11.658825685772683
10000001000,11.658825685772683
10000010000,11.658825685772683
10000100000,11.658825685772683
10001000000,11.658825685772683
10010000000,11.658825685772683
10000001110,11.67353902396567
11000000110,11.67353902396567
11100000010,11.67353902396567
11110000111,11.692308068663227
10001111000,11.69326316452813
11110001000,11.69326316452813
11110000001,11.705639788355198
10000001111,11.743318887996901
11000000111,11.743318887996901
11100000011,11.743318887996901
10000001100,11.746314842944091
10000011000,11.746314842944091
10001100000,11.746314842944091
11000000100,11.746314842944091
11000001000,11.746314842944091
11000100000,11.746314842944091
11011111110,11.787813252797648
11101111110,11.787813252797648
11110111110,11.787813252797648
11111011110,11.787813252797648
11111101110,11.787813252797648
11111110110,11.787813252797648
10000011100,11.908187820577071
10000111000,11.908187820577071
10011100000,11.908187820577071
11100000100,11.908187820577071
11100001000,11.908187820577071
11100100000,11.908187820577071
10000110000,11.996314842944091
11000010000,11.996314842944091
11111100001,12.018265332657887
10000111111,12.05594443229959
11000011111,12.05594443229959
11100001111,12.05594443229959
11111000011,12.05594443229959
11100011111,12.174823593088744
11100000001,12.320110786678864
10000000111,12.357789886320568
11000000011,12.357789886320568
11001111111,12.493192739109784
11111110001,12.500780857083406
10001111111,12.53845995672511
11000111111,12.53845995672511
11110001111,12.53845995672511
11111000111,12.53845995672511
11111100011,12.53845995672511
11000001010,12.656032021659353
11100001010,12.706428653200446
11110001010,12.706428653200446
11011001100,12.74410775284215
11111111101,12.757271652435126
10111111111,12.794950752076828
10000000001,12.819150003104443
11111111001,12.819150003104443
11000000001,12.819851312022218
10011111111,12.856829102746147
11100111111,12.856829102746147
11110011111,12.856829102746147
11111001111,12.856829102746147
11111100111,12.856829102746147
11111110011,12.856829102746147
10000000011,12.857530411663921
11111001010,12.95787747568033
10011001100,12.97994733605529
10000001010,13.022854767205065
11111101010,13.022854767205065
11011111111,13.158587115713193
11101111111,13.158587115713193
11110111111,13.158587115713193
11111011111,13.158587115713193
11111101111,13.158587115713193
11111110111,13.158587115713193
11111111011,13.158587115713193
11100110110,13.184261566196064
10101000000,13.242990117688116
11010001000,13.283731575453153
10101100000,13.29120487142125
10000100100,13.306852589078284
10010001000,13.306852589078284
11110100100,13.334128206994246
10101110000,13.341601502962341
10101111000,13.341601502962341
11000100100,13.420983848573783
10010011000,13.517588961936983
10000110110,13.517775244437335
11000101010,13.533594165267003
11011010000,13.567985593478074
10101111100,13.593050325442228
11001100111,13.662398970758879
10101010000,13.669438928684446
11100100100,13.707220063328018
10011101110,13.76922406691722
11101110100,13.81943441595796
10000101010,13.883388996430567
11110101010,13.883388996430567
11011101110,13.905537125800217
11110110110,13.905537125800217
11100101010,13.915387887105162
11000110110,13.932812743716179
10001000110,13.939057779322525
10010011110,13.989454410863615
11001100100,14.036589003202728
10101111110,14.079496434352503
11001100110,14.106772052268465
10001000100,14.12567247628327
10010010000,14.12567247628327
11011011000,14.152948094199232
10100100100,14.206677891491935
11011011100,14.320323052714954
10010011111,14.389671698031606
10110110110,14.481017446940193
10101011000,14.489569098963194
10101111111,14.503945926863583
10101010111,14.534235711267609
10101011111,14.610626902009965
10001000111,14.652019769255393
10101010100,14.662440077120989
10010011100,14.763861730475455
10101011100,14.871362820801354
10101011110,14.883388996430567
11011011110,14.962178792947654
11101110110,14.962178792947654
10010101010,15.201692358747326
11010101010,15.201692358747326
10101010101,15.213931209790958
11011011111,15.23121865413631
11100111001,15.267681764623877
10000100001,15.332192877506628
10010010010,15.481017446940193
11011011010,15.481017446940193
11000110001,15.53002983584766
11110111101,15.608340083971584
11101110111,15.631218654136308
10010010011,15.728811610835017
11011011011,15.952234207513836
10101010110,16.13046359670227
11001101100,17.36064942191267
11001001100,17.59648900512581
10100000010,17.639396436275586
10111111010,17.639396436275586
11011100110,17.800803235266585
10110000010,17.85753619145103
10001101000,17.900273244523675
10111000010,17.907932822992123
10111100010,17.907932822992123
10001001000,17.923394258148804
10010000100,17.923394258148804
10011110100,17.950669876064765
10011000100,18.037525517644305
11010000110,18.134316913507856
10111110010,18.159381645472006
10010100110,18.274425159124863
10010110010,18.274425159124863
10011010010,18.274425159124863
10100110010,18.274425159124863
10110010010,18.274425159124863
11001010010,18.274425159124863
10011100100,18.323761732398538
11010010100,18.356288729578054
10100010100,18.361198886057366
10100101000,18.361198886057366
11101001110,18.38576573598774
10110101000,18.49201285004493
11010100010,18.512353540086714
11011110110,18.522078794870737
11101101110,18.522078794870737
11011000110,18.5493544127867
10010110100,18.771326228856896
10011010100,18.771326228856896
10100101100,18.771326228856896
10100110100,18.771326228856896
10110010100,18.771326228856896
10110101100,18.778119950695057
11010110100,18.778119950695057
10110100000,18.851104873344333
11010100000,18.851104873344333
10111010100,18.873806571883087
10100011010,18.887353540086714
11101010010,18.89414726192487
10111010000,18.901501504885424
10111101000,18.901501504885424
11101010000,18.901501504885424
11110101000,18.901501504885424
10001011010,18.95107541562758
10100010110,18.95107541562758
10110100010,18.95107541562758
10001010010,18.99018645308233
10010100010,18.99018645308233
10100010010,18.99018645308233
10100100010,18.99018645308233
10110101110,18.99018645308233
10110111010,18.99018645308233
10111010110,18.99018645308233
10111011010,18.99018645308233
11010111010,18.99018645308233
11101011010,18.99018645308233
10011001000,19.077488963860066
11001001000,19.077488963860066
10110110000,19.127885595401157
11010110000,19.127885595401157
10111110100,19.15295032736531
11111010100,19.15295032736531
10011010011,19.243043754722382
10100111010,19.26914726192487
10010111010,19.33286913746574
10100101110,19.33286913746574
10111010010,19.33286913746574
10010100111,19.34531908059651
10010110000,19.369970214220643
10011010000,19.369970214220643
10100110000,19.369970214220643
10110010000,19.369970214220643
11001010000,19.369970214220643
11010010000,19.369970214220643
10111011100,19.379334417881044
11101011100,19.379334417881044
11101011101,19.38503990407115
10001011100,19.420366845761738
10001110100,19.420366845761738
10011011000,19.420366845761738
10100011100,19.420366845761738
10110011000,19.420366845761738
10111000100,19.420366845761738
11001011000,19.420366845761738
11001101000,19.420366845761738
11010011000,19.420366845761738
11011001000,19.420366845761738
11100010100,19.420366845761738
11101000100,19.420366845761738
10111000101,19.436590522193157
10000010100,19.45918838769062
10000101000,19.45918838769062
10001010000,19.45918838769062
10010100000,19.45918838769062
10100000100,19.45918838769062
10100001000,19.45918838769062
10100010000,19.45918838769062
10100100000,19.45918838769062
10011010110,19.49118138168418
10110010110,19.49118138168418
10110011010,19.49118138168418
10110100110,19.49118138168418
10110110010,19.49118138168418
11001011010,19.49118138168418
11010010110,19.49118138168418
11010011010,19.49118138168418
11010100110,19.49118138168418
11010110010,19.49118138168418
10001100010,19.498957781245608
10100001011,19.526985746757852
10100010111,19.526985746757852
10011110010,19.5493544127867
11000010110,19.5493544127867
11000011010,19.5493544127867
11011001101,19.55773469028118
11001011001,19.567725153309535
10011001111,19.594675259734696
11001001111,19.594675259734696
11001110011,19.594675259734696
11100110011,19.594675259734696
10110010111,19.621042903282444
10111010111,19.69111727211112
10001110111,19.731927532855327
10111000111,19.731927532855327
11100010111,19.731927532855327
11101000111,19.731927532855327
10110001011,19.733230444438924
10000101100,19.733606577857007
10000110100,19.733606577857007
10100001100,19.733606577857007
10110000100,19.733606577857007
11000010100,19.733606577857007
11010000100,19.733606577857007
10100101111,19.778434569237735
11010011011,19.78020686291655
10010111000,19.7840032093981
10011101000,19.7840032093981
10100111000,19.7840032093981
10110111000,19.7840032093981
10111001000,19.7840032093981
10111011000,19.7840032093981
11010111000,19.7840032093981
11011101000,19.7840032093981
11100101000,19.7840032093981
11101001000,19.7840032093981
11101011000,19.7840032093981
11101101000,19.7840032093981
10000100110,19.791439031606185
10000110010,19.791439031606185
10010000110,19.791439031606185
10011000010,19.791439031606185
11000010010,19.791439031606185
11001000010,19.791439031606185
10110000101,19.800226885829517
11001101110,19.800803235266585
11001110110,19.800803235266585
11011001110,19.800803235266585
11100101110,19.800803235266585
11100111010,19.800803235266585
10001001110,19.84183566314728
10001100110,19.84183566314728
10001101110,19.84183566314728
10001110010,19.84183566314728
10001110110,19.84183566314728
10010001110,19.84183566314728
10011000110,19.84183566314728
10011001110,19.84183566314728
10011100010,19.84183566314728
10011100110,19.84183566314728
10110001110,19.84183566314728
10111000110,19.84183566314728
11000100110,19.84183566314728
11000101110,19.84183566314728
11000110010,19.84183566314728
11000111010,19.84183566314728
11001000110,19.84183566314728
11001001110,19.84183566314728
11001100010,19.84183566314728
11001110010,19.84183566314728
11010001110,19.84183566314728
11011100010,19.84183566314728
11100010010,19.84183566314728
11100010110,19.84183566314728
11100011010,19.84183566314728
11100100010,19.84183566314728
11100100110,19.84183566314728
11100110010,19.84183566314728
11101000110,19.84183566314728
11101100010,19.84183566314728
10000010110,19.85753619145103
10000011010,19.85753619145103
10100000110,19.85753619145103
11010000010,19.85753619145103
11011101100,19.880223054638037
11101101100,19.880223054638037
10001011000,19.900273244523675
10100011000,19.900273244523675
10110001000,19.900273244523675
11000101000,19.900273244523675
10000101110,19.907932822992123
10000111010,19.907932822992123
10001011110,19.907932822992123
10001111010,19.907932822992123
10100001110,19.907932822992123
10100011110,19.907932822992123
11101000010,19.907932822992123
11110100010,19.907932822992123
10001101100,19.92125548251873
10110001100,19.92125548251873
11000101100,19.92125548251873
11000110100,19.92125548251873
11010001100,19.92125548251873
11011000100,19.92125548251873
10110101111,19.941815486705902
10111101011,19.941815486705902
10001011111,19.94565276016739
10100011111,19.94565276016739
10010111100,19.950669876064765
10100111100,19.950669876064765
10111100100,19.950669876064765
11110010100,19.950669876064765
10011011111,19.978256827556265
10110011111,19.978256827556265
11001011111,19.978256827556265
11010011111,19.978256827556265
10111001011,19.984679266918807
10110111100,20.035452031877984
10111101100,20.035452031877984
11010111100,20.035452031877984
11011110100,20.035452031877984
11110101100,20.035452031877984
11110110100,20.035452031877984
10001001100,20.037525517644305
10001100100,20.037525517644305
10010001100,20.037525517644305
11001000100,20.037525517644305
10111100101,20.051675708309403
11100011101,20.060026463123297
11101110001,20.060026463123297
11010001101,20.06861379006653
11000100010,20.083920281966762
10011101001,20.092888790272575
10011011110,20.093284485627162
10011110110,20.093284485627162
10110011110,20.093284485627162
10111100110,20.093284485627162
11001011110,20.093284485627162
11001111010,20.093284485627162
11010011110,20.093284485627162
11011110010,20.093284485627162
11110010110,20.093284485627162
11110011010,20.093284485627162
11110100110,20.093284485627162
11110110010,20.093284485627162
11000101111,20.09556389649169
11011100011,20.09556389649169
11110001011,20.09556389649169
10001101111,20.095563896491694
10001111011,20.095563896491694
10011100111,20.095563896491694
10011110011,20.095563896491694
10110001111,20.095563896491694
10111100011,20.095563896491694
11000111011,20.095563896491694
11010001111,20.095563896491694
11100011011,20.095563896491694
11100100111,20.095563896491694
11101100011,20.095563896491694
11110010011,20.095563896491694
11110100011,20.095563896491694
10110000110,20.134316913507856
11011000010,20.134316913507856
11110010010,20.134316913507856
10010111110,20.159381645472006
10011111010,20.159381645472006
10100111110,20.159381645472006
11111010010,20.159381645472006
10010111111,20.191982054868326
10100111111,20.191982054868326
11001101111,20.191982054868326
11011001111,20.191982054868326
10000010111,20.20800083139118
10000101111,20.20800083139118
10100000111,20.20800083139118
10100001111,20.20800083139118
10011001010,20.224300161528717
11001001010,20.224300161528717
11010110111,20.234477391148957
11010100100,20.306163731981908
10000111101,20.322374534347084
10111100001,20.322374534347084
11110000101,20.322374534347084
11110100001,20.322374534347084
10011101111,20.34189319119263
10011110111,20.34189319119263
10011111011,20.34189319119263
10111001111,20.34189319119263
10111100111,20.34189319119263
10111110011,20.34189319119263
11001110111,20.34189319119263
11001111011,20.34189319119263
11011100111,20.34189319119263
11011110011,20.34189319119263
11100101111,20.34189319119263
11100110111,20.34189319119263
11101001111,20.34189319119263
11101100111,20.34189319119263
11110010111,20.34189319119263
11110011011,20.34189319119263
11110100111,20.34189319119263
11110110011,20.34189319119263
11111001011,20.34189319119263
11111010011,20.34189319119263
10100000101,20.350704171137824
10000011011,20.357911967715477
10000110011,20.357911967715477
10000110111,20.357911967715477
10000111011,20.357911967715477
10001100011,20.357911967715477
10001100111,20.357911967715477
10001110011,20.357911967715477
10011000011,20.357911967715477
10011000111,20.357911967715477
10011100011,20.357911967715477
10110000011,20.357911967715477
10110000111,20.357911967715477
10111000011,20.357911967715477
11000001011,20.357911967715477
11000010011,20.357911967715477
11000010111,20.357911967715477
11000100011,20.357911967715477
11000100111,20.357911967715477
11001000011,20.357911967715477
11001000111,20.357911967715477
11010000011,20.357911967715477
11010000111,20.357911967715477
11100001011,20.357911967715477
11100010011,20.357911967715477
11100100011,20.357911967715477
11101000011,20.357911967715477
10111110101,20.373825184762957
10011011100,20.380403399545976
10011101100,20.380403399545976
10110011100,20.380403399545976
10111001100,20.380403399545976
11001011100,20.380403399545976
11001110100,20.380403399545976
11010011100,20.380403399545976
11011100100,20.380403399545976
11100101100,20.380403399545976
11100110100,20.380403399545976
11101001100,20.380403399545976
11101100100,20.380403399545976
10111001110,20.38576573598774
11101100110,20.38576573598774
11101110010,20.38576573598774
10001111101,20.42366282675966
10111110001,20.42366282675966
11111000101,20.42366282675966
11111010001,20.42366282675966
10110111111,20.4362222158394
10111011111,20.4362222158394
10111101111,20.4362222158394
10111110111,20.4362222158394
10111111011,20.4362222158394
11010111111,20.4362222158394
11101011111,20.4362222158394
11110101111,20.4362222158394
11111010111,20.4362222158394
11111101011,20.4362222158394
11000110111,20.446541396924385
11011000111,20.446541396924385
11010001010,20.462228542490568
10100001010,20.499930665501086
10111101010,20.499930665501086
10110001010,20.565173333616368
11000110011,20.608000831391177
11001100011,20.608000831391177
10011111101,20.669992121460595
10111111001,20.669992121460595
11111100101,20.669992121460595
11111101001,20.669992121460595
10000001011,20.672925487440118
10100000011,20.672925487440118
10000011101,20.686010897983447
10111000001,20.686010897983447
11000011001,20.686010897983447
11001100001,20.686010897983447
11100000101,20.686010897983447
11101000001,20.686010897983447
11100111011,20.692870691625323
11101110011,20.692870691625323
10001010001,20.69618317657239
10000100111,20.708889468148172
10001001111,20.708889468148172
10010000111,20.708889468148172
10010001111,20.708889468148172
10110100100,20.72120123126075
10001110001,20.722374534347082
11100010001,20.722374534347082
11001111101,20.75822189501392
11011111001,20.75822189501392
11111001101,20.75822189501392
11111011001,20.75822189501392
11000111001,20.77424067153677
11001110001,20.77424067153677
11100011001,20.77424067153677
11100110001,20.77424067153677
10000000101,20.79904212224731
10100000001,20.79904212224731
10010110011,20.814472326150955
10011001011,20.814472326150955
10100110011,20.814472326150955
10110010011,20.814472326150955
10010100100,20.823219560562457
11000001101,20.823263171104077
11011000001,20.823263171104077
10101000010,20.833263998834422
10101111010,20.833263998834422
10001101010,20.837228542490568
11101001010,20.844022264328725
11011101101,20.86346495817392
11000111101,20.87552896394935
11011110001,20.87552896394935
11110001101,20.87552896394935
11110110001,20.87552896394935
10000010010,20.88065720507616
10000100010,20.88065720507616
10001000010,20.88065720507616
10010000010,20.88065720507616
10110111110,20.88065720507616
10111011110,20.88065720507616
10111101110,20.88065720507616
10111110110,20.88065720507616
11010111110,20.88065720507616
11011111010,20.88065720507616
11101011110,20.88065720507616
11101111010,20.88065720507616
11110101110,20.88065720507616
11110111010,20.88065720507616
11111010110,20.88065720507616
11111011010,20.88065720507616
10101100010,20.8985066669497
10011001001,20.90198943943591
11011101111,20.937110852596394
11011110111,20.937110852596394
11011111011,20.937110852596394
11101101111,20.937110852596394
11101111011,20.937110852596394
11110110111,20.937110852596394
11110111011,20.937110852596394
11111011011,20.937110852596394
10001001010,20.940061455486184
10010001010,20.940061455486184
11011101010,20.940061455486184
11101101010,20.940061455486184
10111001010,20.946967055454525
10011111001,20.960915099880292
11111001001,20.960915099880292
11010010111,20.976789331235736
11010100111,20.976789331235736
10110110101,20.99931072472933
10001011101,21.008019093621726
10001110101,21.008019093621726
10100011101,21.008019093621726
10111010001,21.008019093621726
11101000101,21.008019093621726
11101010001,21.008019093621726
11001001011,21.030154469626233
11001010011,21.030154469626233
10111111101,21.075189328712266
11111110101,21.075189328712266
11010110110,21.097559116010714
11000011011,21.108889468148174
11011000011,21.108889468148174
11100111101,21.121858258650285
11101111001,21.121858258650285
11110011101,21.121858258650285
11110111001,21.121858258650285
11000011101,21.137877035173137
11011100001,21.137877035173137
11100001101,21.137877035173137
11101100001,21.137877035173137
10011001101,21.139153724738108
10011011001,21.139153724738108
11001001101,21.139153724738108
11001101001,21.139153724738108
11010011001,21.139153724738108
11011001001,21.139153724738108
10000001101,21.150935554032387
10110000001,21.150935554032387
11000000101,21.150935554032387
11010000001,21.150935554032387
10010010100,21.15655289389579
10000010011,21.173814124197115
10000100011,21.173814124197115
10001000011,21.173814124197115
10010000011,21.173814124197115
11001111001,21.174640327192353
11110011001,21.174640327192353
10000111001,21.18689953474044
10001111001,21.18689953474044
10011100001,21.18689953474044
10011110001,21.18689953474044
11100001001,21.18689953474044
11100100001,21.18689953474044
11110001001,21.18689953474044
11110010001,21.18689953474044
10010110111,21.192471474711013
10011010111,21.192471474711013
10100110111,21.192471474711013
10110100111,21.192471474711013
10011101010,21.219022264328725
10010010110,21.224300161528717
10010011010,21.224300161528717
10100100110,21.224300161528717
11010010010,21.224300161528717
10101110010,21.28030038878786
10000011001,21.28818782715302
10011000001,21.28818782715302
11000001001,21.28818782715302
11001000001,21.28818782715302
10001011011,21.304659015867493
10001101011,21.304659015867493
10100011011,21.304659015867493
10110100011,21.304659015867493
11010001011,21.304659015867493
11010100011,21.304659015867493
11001010100,21.306163731981908
10001010100,21.31107388846122
10010101000,21.31107388846122
10101000100,21.31107388846122
10101001000,21.31107388846122
11001011011,21.351635434345123
11001101011,21.351635434345123
11010110011,21.351635434345123
11011001011,21.351635434345123
10010001001,21.35248144465181
10000101101,21.37165545725809
10000110101,21.37165545725809
10100001101,21.37165545725809
10110100001,21.37165545725809
11010000101,21.37165545725809
11010100001,21.37165545725809
11010101000,21.378165976907916
10000001001,21.389062576399407
10000010001,21.389062576399407
10001000001,21.389062576399407
10010000001,21.389062576399407
11011010110,21.430892449344046
10010110110,21.441056384088032
10100110110,21.441056384088032
11001101010,21.441056384088032
11011001010,21.441056384088032
10101101000,21.441887852448783
10010111011,21.556107838347376
10011101011,21.556107838347376
10100111011,21.556107838347376
10111010011,21.556107838347376
11101001011,21.556107838347376
11101010011,21.556107838347376
10010101001,21.55923892316534
10100100101,21.55923892316534
10110011011,21.5673175778204
10110110011,21.5673175778204
11001011101,21.6057768982607
11001110101,21.6057768982607
11010011101,21.6057768982607
11010111001,21.6057768982607
11011100101,21.6057768982607
11011101001,21.6057768982607
11100101101,21.6057768982607
11100110101,21.6057768982607
10010111101,21.623104279737973
10011110101,21.623104279737973
10100111101,21.623104279737973
10111101001,21.623104279737973
11110100101,21.623104279737973
11110101001,21.623104279737973
10110001101,21.6400423614951
10110110001,21.6400423614951
11000101101,21.6400423614951
11000110101,21.6400423614951
11010110001,21.6400423614951
11011000101,21.6400423614951
10000110001,21.651824190789384
10001100001,21.651824190789384
11000010001,21.651824190789384
11000100001,21.651824190789384
10010111001,21.664317361701144
10011100101,21.664317361701144
10100111001,21.664317361701144
10111001001,21.664317361701144
11100100101,21.664317361701144
11100101001,21.664317361701144
11010101101,21.703738502827623
10010101100,21.72120123126075
10101001100,21.72120123126075
10101100100,21.72120123126075
10101101100,21.72799495309891
10110110100,21.72799495309891
11010101100,21.72799495309891
11011010100,21.72799495309891
10101101011,21.739406465737098
10110101011,21.739406465737098
11101010100,21.759959698746076
10011011101,21.821459041735977
10011101101,21.821459041735977
10110011101,21.821459041735977
10110111001,21.821459041735977
10111001101,21.821459041735977
10111011001,21.821459041735977
11101001101,21.821459041735977
11101011001,21.821459041735977
11101100101,21.821459041735977
11101101001,21.821459041735977
10101110100,21.823681574286944
10101000110,21.837228542490568
10001001101,21.866465575883836
10001011001,21.866465575883836
10001100101,21.866465575883836
10001101001,21.866465575883836
10010001101,21.866465575883836
10010110001,21.866465575883836
10011000101,21.866465575883836
10011010001,21.866465575883836
10100011001,21.866465575883836
10100110001,21.866465575883836
10110001001,21.866465575883836
10110010001,21.866465575883836
11000100101,21.866465575883836
11000101001,21.866465575883836
11001000101,21.866465575883836
11001010001,21.866465575883836
11010001001,21.866465575883836
11010010001,21.866465575883836
11010111101,21.891533410564655
11011110101,21.891533410564655
11110101101,21.891533410564655
11110110101,21.891533410564655
10001010110,21.900950418031435
10101101110,21.940061455486184
10101110110,21.940061455486184
11010101110,21.940061455486184
11101010110,21.940061455486184
10101101101,21.99359825208868
11011111101,22.016187283297057
11101111101,22.016187283297057
11111011101,22.016187283297057
11111101101,22.016187283297057
10001001011,22.067494730565297
10001010011,22.067494730565297
10010001011,22.067494730565297
10010100011,22.067494730565297
10100010011,22.067494730565297
10100100011,22.067494730565297
10100101010,22.075776503727734
10110101010,22.075776503727734
10110111101,22.142231625159436
10111101101,22.142231625159436
10010011011,22.192918757126236
10101001110,22.219022264328725
10100101011,22.249952328096125
10101001011,22.249952328096125
10010101110,22.282744139869592
10100100111,22.295194083000364
10111011101,22.334914906475003
11101110101,22.334914906475003
10101010010,22.337881075016014
10101011010,22.337881075016014
11001010111,22.35523576221102
10101011011,22.382716492663757
10101110001,22.38646552459701
11100010101,22.38646552459701
11010010011,22.408600900601513
10011011010,22.441056384088032
10101100110,22.441056384088032
11001010110,22.441056384088032
11011010010,22.441056384088032
11000101011,22.4674233033675
10000101011,22.476860749161705
10001010111,22.476860749161705
10110111011,22.490272683047685
10111011011,22.490272683047685
11101011011,22.490272683047685
11101101011,22.490272683047685
11001101101,22.507609692685033
10110011001,22.51760015571339
11001100101,22.51760015571339
10010010101,22.55352645052469
10101001001,22.55352645052469
10101100111,22.570917905686297
10010010111,22.580908368714653
10101110111,22.640992274514975
11010101111,22.640992274514975
11101010111,22.640992274514975
11110101011,22.640992274514975
10110101101,22.642917346004246
10101100011,22.683105446842777
10101100101,22.68866847892978
10110010101,22.68866847892978
11011010101,22.698026030186973
11100101011,22.718872125847383
10010101111,22.72830957164159
11011010011,22.730081865320404
11010111011,22.740970897642462
11011101011,22.740970897642462
10101100001,22.75010188823337
11000010101,22.75010188823337
10101000011,22.76257503487599
10101000111,22.76257503487599
11011011001,22.793323978399318
10101001010,22.875776503727735
10101101010,22.875776503727735
10101101111,22.891690489109756
10101111011,22.891690489109756
10010101011,22.893262355022785
11111010101,22.89512875859538
10110110111,22.93365417895803
10101110011,22.93455426932266
10011011011,22.94576400879568
11001010101,22.998645172523105
10101111001,23.001550710713257
11110010101,23.001550710713257
10101001111,23.014023857355873
10001101101,23.018488792470382
11011010001,23.018488792470382
10010011101,23.04276379267643
11101001001,23.04276379267643
11010101011,23.087144270762046
10000100101,23.132644540826888
10000101001,23.132644540826888
10010000101,23.132644540826888
10010100001,23.132644540826888
10100001001,23.132644540826888
10100100001,23.132644540826888
10011010101,23.149888201200078
10101001101,23.149888201200078
11010010101,23.149888201200078
11010101001,23.149888201200078
11101010101,23.156069036166752
11011010111,23.18435239355281
10010100101,23.202845544440255
10100101001,23.202845544440255
10010101101,23.206529868347516
10101101001,23.206529868347516
10101110101,23.217186787338388
10111010101,23.217186787338388
10000010101,23.300579173541678
10101000001,23.300579173541678
10101111101,23.32370018716681
10100010101,23.324316375063926
10101000101,23.324316375063926
10101011001,23.331978505856437
11010110101,23.34734512410254
11001001001,23.423293013268335
11101101101,23.562641745982994
10101010011,23.578809577405263
10001000101,23.646058178976244
10100010001,23.646058178976244
11011011101,23.813339960577775
10010011001,23.851864441839762
10101011101,23.860496814265044
10001010101,23.967626401990582
10101010001,23.967626401990582
10001001001,24.302356447055665
10010010001,24.302356447055665
10100110101,30.48672815773141
11010100101,30.48672815773141
10010110101,30.543369824878848
10100101101,30.543369824878848
10110100101,30.543369824878848
10110101001,30.543369824878848
00000011111,34.48314636894861
00000111111,34.77580827339167
00000001111,35.08843381769435
00001111111,35.39027927171533
00000000111,35.570949342119874
00000000011,35.889318488140916
00011111111,35.890019797058685
01111111111,36.19107650110796
10000000000,36.19107650110796
00111111111,36.252954851777275
00000000001,36.82006406813292
00011100011,41.12210798901362
00000010111,41.36064855454683
01000000111,41.36064855454683
00000011101,41.48963612157179
00001110001,41.48963612157179
00011100001,41.48963612157179
01110000001,41.48963612157179
00110011111,41.587032645062564
00000111110,41.592711345154626
00000001011,41.60697784924776
00001000011,41.60697784924776
01000000011,41.60697784924776
00000110011,41.61064855454683
00110000011,41.61064855454683
00000101111,41.62299662577061
00001011111,41.62299662577061
00001100111,41.62299662577061
00001111011,41.62299662577061
00010001111,41.62299662577061
00011000111,41.62299662577061
00011001111,41.62299662577061
00110000111,41.62299662577061
00110001111,41.62299662577061
01000001111,41.62299662577061
01000011111,41.62299662577061
01111000011,41.62299662577061
01011111111,41.70130687389454
00000100111,41.72428491818319
00001000111,41.72428491818319
00010000111,41.72428491818319
00100000111,41.72428491818319
00000001101,41.73596541627273
00000011001,41.73596541627273
00001100001,41.73596541627273
00110000001,41.73596541627273
01100000001,41.73596541627273
00000111101,41.751984192795575
00001111001,41.751984192795575
00001111101,41.751984192795575
00011110001,41.751984192795575
00111100001,41.751984192795575
01111000001,41.751984192795575
01111100001,41.751984192795575
00000000101,41.8302944409195
01000000001,41.8302944409195
01111111101,41.8302944409195
00000111001,41.85327248520815
00111000001,41.85327248520815
00011100111,41.87299662577061
00111000111,41.87299662577061
00101111111,41.92604830418658
00110111111,41.92604830418658
01001111111,41.92604830418658
01100111111,41.92604830418658
00000010011,41.97061421288413
00000100011,41.97061421288413
00010000011,41.97061421288413
00100000011,41.97061421288413
00000011011,41.97428491818319
00001100011,41.97428491818319
00011000011,41.97428491818319
01100000011,41.97428491818319
00000110111,41.98663298940698
00000111011,41.98663298940698
00001001111,41.98663298940698
00001101111,41.98663298940698
00001110011,41.98663298940698
00010011111,41.98663298940698
00011110011,41.98663298940698
00100001111,41.98663298940698
00100011111,41.98663298940698
00111000011,41.98663298940698
00111100011,41.98663298940698
01100000111,41.98663298940698
01100001111,41.98663298940698
01110000011,41.98663298940698
00001111100,41.99402680843269
00011111000,41.99402680843269
00111110000,41.99402680843269
01111100000,41.99402680843269
00111111101,42.055035871211544
01111111001,42.055035871211544
00010111111,42.087921281819554
00011101111,42.087921281819554
00100111111,42.087921281819554
00111001111,42.087921281819554
00111100111,42.087921281819554
00111110011,42.087921281819554
01000111111,42.087921281819554
01110001111,42.087921281819554
00000110001,42.099601779909094
00011000001,42.099601779909094
00011111001,42.11562055643194
00111110001,42.11562055643194
01101111111,42.202195510651535
01110111111,42.202195510651535
01111011111,42.202195510651535
01111101111,42.202195510651535
01111110111,42.202195510651535
01111111011,42.202195510651535
00011111101,42.21690884884452
00111111001,42.21690884884452
01111110001,42.21690884884452
00001111000,42.235677893542075
00001110111,42.23663298940698
01110000111,42.23663298940698
00001111110,42.249009613234044
00011111100,42.28668871287575
00111111000,42.28668871287575
01111110000,42.28668871287575
00111011111,42.28968466782294
00111110111,42.28968466782294
00111111011,42.28968466782294
01110011111,42.28968466782294
01111100111,42.28968466782294
01111110011,42.28968466782294
00000001001,42.3311830776765
00000010001,42.3311830776765
00000100001,42.3311830776765
00001000001,42.3311830776765
00010000001,42.3311830776765
00100000001,42.3311830776765
00011011111,42.45155764545592
00011110111,42.45155764545592
00011111011,42.45155764545592
01100011111,42.45155764545592
01111000111,42.45155764545592
01111100011,42.45155764545592
00111101111,42.53968466782294
01111001111,42.53968466782294
00000011110,42.561635157536735
00000111100,42.599314257178435
00011110000,42.599314257178435
00111100000,42.599314257178435
01111000000,42.599314257178435
00011100000,42.71819341796759
00011111110,42.86348061155771
00111111100,42.90115971119941
01111111000,42.90115971119941
00110000000,43.03656256398863
00000001110,43.04415068196225
00000011100,43.08182978160396
00000111000,43.08182978160396
00001110000,43.08182978160396
00111000000,43.08182978160396
01110000000,43.08182978160396
00111110101,43.1994018465382
00001110101,43.24979847807929
00011110101,43.24979847807929
00100110011,43.287477577721
00000000010,43.300641477313974
01000000000,43.338320576955674
00000000110,43.36251982798329
01111111110,43.36251982798329
00111111110,43.36322113690107
00000001100,43.400198927625
00000011000,43.400198927625
00000110000,43.400198927625
00001100000,43.400198927625
00011000000,43.400198927625
01100000000,43.400198927625
01111111100,43.40090023654277
00000110101,43.50124730055918
01100110011,43.52331716093414
00000010101,43.56622459208391
01111110101,43.56622459208391
00000000100,43.70195694059204
00000001000,43.70195694059204
00000010000,43.70195694059204
00000100000,43.70195694059204
00001000000,43.70195694059204
00010000000,43.70195694059204
00100000000,43.70195694059204
00011001001,43.72763139107491
01010111111,43.78635994256696
00101110111,43.827101400332
01010011111,43.834574696300095
01101110111,43.850222413957134
01111011011,43.850222413957134
00001011011,43.877498031873095
01010000111,43.884971327841185
01010001111,43.884971327841185
00111011011,43.964353673452635
01101100111,44.06095878681583
01111001001,44.06114506931618
00111010101,44.07696399014585
00100101111,44.11135541835692
01010000011,44.13642015032107
00110011000,44.205768795637724
01010101111,44.212808753563294
00011011011,44.25058988820687
01100010001,44.31259389179607
00010001011,44.36280424083681
00001010101,44.42675882130941
01111010101,44.42675882130941
00001001001,44.44890695067907
00100010001,44.44890695067907
00011010101,44.458757711984006
00111001001,44.47618256859503
01110111001,44.482427604201376
01101100001,44.53282423574247
00110011011,44.57995882808157
01010000001,44.62286625923135
00110011001,44.65014187714731
01101101111,44.66904230116212
01110111011,44.66904230116212
00100100111,44.69631791907808
01011011011,44.75004771637079
00100100011,44.863692877593806
01101100000,44.93304152291046
01001001001,45.02438727181904
01010100111,45.03293892384204
01010000000,45.04731575174243
01010101000,45.07760553614646
01010100000,45.15399672688881
01110111000,45.19538959413424
01010101011,45.205809901999835
01101100011,45.307231555354306
01010100011,45.4147326456802
01010100001,45.42675882130941
00010001001,45.505548617826506
00100100001,45.505548617826506
00101010101,45.745062183626175
01101010101,45.745062183626175
01010101010,45.75730103466981
00100100000,45.77458847901516
00011000110,45.811051589502725
01111011110,45.87556270238548
00100100101,46.02438727181904
01101101101,46.02438727181904
00111001110,46.07339966072651
00001000010,46.151709908850435
00010001000,46.174588479015156
01101101100,46.27218143571386
00100100100,46.495604032392684
01010101001,46.67383342158112
00110010011,47.90401924679152
00110110011,48.139858830004655
01000000101,48.182766261154434
01011111101,48.182766261154434
00100011001,48.34417306014544
01001111101,48.40090601632988
01110010111,48.443643069402526
01000011101,48.451302647870975
01000111101,48.451302647870975
01101111011,48.466764083027655
01110110111,48.466764083027655
01100001011,48.49403970094362
01100111011,48.58089534252315
00101111001,48.677686738386704
01000001101,48.702751470350854
00110101101,48.81779498400371
01001101101,48.81779498400371
01011001101,48.81779498400371
01100101101,48.81779498400371
01101001101,48.81779498400371
01101011001,48.81779498400371
01100011011,48.86713155727739
00101101011,48.899658554456906
01011010111,48.90456871093622
01011101011,48.90456871093622
00010110001,48.929135560866584
01001010111,49.03538267492378
00101011101,49.05572336496556
00010010001,49.06544861974959
00100001001,49.06544861974959
00100111001,49.09272423766555
01001101011,49.314696053735744
01011001011,49.314696053735744
01011010011,49.314696053735744
01100101011,49.314696053735744
01101001011,49.314696053735744
00101001011,49.32148977557391
01001010011,49.32148977557391
00101011111,49.39447469822318
01001011111,49.39447469822318
01000101011,49.41717639676193
01011100101,49.43072336496556
00010101101,49.43751708680372
00001010111,49.44487132976427
00010101111,49.44487132976427
01000010111,49.44487132976427
01000101111,49.44487132976427
01001011101,49.49444524050643
01011101001,49.49444524050643
01110100101,49.49444524050643
00010100101,49.53355627796118
00101000101,49.53355627796118
01000100101,49.53355627796118
01000101001,49.53355627796118
01001000101,49.53355627796118
01001010001,49.53355627796118
01011011101,49.53355627796118
01011101101,49.53355627796118
01101011101,49.53355627796118
01110101101,49.53355627796118
00110110111,49.620858788738914
01100110111,49.620858788738914
00101001111,49.671255420280005
01001001111,49.671255420280005
00000101011,49.696320152244155
01000001011,49.696320152244155
01100101100,49.78641357960123
01011000101,49.81251708680372
01000101101,49.87623896234459
01011010001,49.87623896234459
01101000101,49.87623896234459
01101011000,49.88868890547536
00101101111,49.913340039099495
00110101111,49.913340039099495
01001101111,49.913340039099495
01011001111,49.913340039099495
01100101111,49.913340039099495
01101001111,49.913340039099495
00010100011,49.92270424275989
01000100011,49.92270424275989
00010100010,49.92840972895
00010111011,49.963736670640586
00011101011,49.963736670640586
00100110111,49.963736670640586
00101100111,49.963736670640586
00110010111,49.963736670640586
00110100111,49.963736670640586
01000111011,49.963736670640586
01001100111,49.963736670640586
01011100011,49.963736670640586
01100100111,49.963736670640586
01110001011,49.963736670640586
01110100011,49.963736670640586
01000111010,49.97996034707201
01011011111,50.00255821256947
01011101111,50.00255821256947
01011110111,50.00255821256947
01011111011,50.00255821256947
01101011111,50.00255821256947
01110101111,50.00255821256947
01111010111,50.00255821256947
01111101011,50.00255821256947
00101001101,50.03455120656302
00101011001,50.03455120656302
00101100101,50.03455120656302
00101101001,50.03455120656302
00110100101,50.03455120656302
01001001101,50.03455120656302
01001011001,50.03455120656302
01001100101,50.03455120656302
01001101001,50.03455120656302
01100101001,50.03455120656302
01110011101,50.04232760612446
01011101000,50.070355571636696
01011110100,50.070355571636696
00111100101,50.09272423766555
00111101001,50.09272423766555
01100001101,50.09272423766555
00100110010,50.10110451516003
00110100110,50.11109497818838
00011001100,50.138045084613545
00110001100,50.138045084613545
00110110000,50.138045084613545
01100110000,50.138045084613545
01001101000,50.164412728161295
01000101000,50.234487096989966
00010111000,50.275297357734175
00011101000,50.275297357734175
01000111000,50.275297357734175
01110001000,50.275297357734175
01001110100,50.27660026931777
00101111011,50.276976402735855
00111101011,50.276976402735855
01001111011,50.276976402735855
01011110011,50.276976402735855
01111001011,50.276976402735855
01111010011,50.276976402735855
01011010000,50.32180439411658
00101100100,50.323576687795395
00010010111,50.327373034276945
00010100111,50.327373034276945
00010110111,50.327373034276945
00011010111,50.327373034276945
00100010111,50.327373034276945
00101000111,50.327373034276945
01000100111,50.327373034276945
01000110111,50.327373034276945
01001000111,50.327373034276945
01011000111,50.327373034276945
01100010111,50.327373034276945
01101000111,50.327373034276945
00110111101,50.33480885648503
00111101101,50.33480885648503
01100111101,50.33480885648503
01101111001,50.33480885648503
01111001101,50.33480885648503
01111011001,50.33480885648503
01001111010,50.34359671070837
00011000101,50.34417306014544
00011010001,50.34417306014544
00100110001,50.34417306014544
00110001001,50.34417306014544
00110010001,50.34417306014544
00010011101,50.38520548802613
00010111001,50.38520548802613
00011001101,50.38520548802613
00011011001,50.38520548802613
00011011101,50.38520548802613
00011100101,50.38520548802613
00011101001,50.38520548802613
00011101101,50.38520548802613
00100011101,50.38520548802613
00101110001,50.38520548802613
00110001101,50.38520548802613
00110011101,50.38520548802613
00110110001,50.38520548802613
00110111001,50.38520548802613
00111000101,50.38520548802613
00111001101,50.38520548802613
00111010001,50.38520548802613
00111011001,50.38520548802613
01000111001,50.38520548802613
01001110001,50.38520548802613
01100011001,50.38520548802613
01100011101,50.38520548802613
01100110001,50.38520548802613
01100111001,50.38520548802613
01101110001,50.38520548802613
01110001001,50.38520548802613
01110001101,50.38520548802613
01110010001,50.38520548802613
01110011001,50.38520548802613
01110110001,50.38520548802613
00101111101,50.40090601632988
01011111001,50.40090601632988
01111100101,50.40090601632988
01111101001,50.40090601632988
00010010011,50.42359287951689
00100010011,50.42359287951689
00111010111,50.443643069402526
01001110111,50.443643069402526
01011100111,50.443643069402526
01110100111,50.443643069402526
00001011101,50.451302647870975
00010111101,50.451302647870975
01011100001,50.451302647870975
01011110001,50.451302647870975
01110000101,50.451302647870975
01110100001,50.451302647870975
01111000101,50.451302647870975
01111010001,50.451302647870975
00100111011,50.46462530739758
00101110011,50.46462530739758
00111001011,50.46462530739758
00111010011,50.46462530739758
01001110011,50.46462530739758
01110010011,50.46462530739758
01000010100,50.48518531158475
01001010000,50.48518531158475
01011100000,50.48902258504624
01110100000,50.48902258504624
00001101011,50.49403970094362
01000011011,50.49403970094362
01011000011,50.49403970094362
01101000011,50.49403970094362
00101100000,50.52162665243512
00110100000,50.52162665243512
01001100000,50.52162665243512
01100100000,50.52162665243512
01000110100,50.528049091797655
00001001011,50.57882185675683
00001010011,50.57882185675683
00100001011,50.57882185675683
00101000011,50.57882185675683
01000010011,50.57882185675683
01001000011,50.57882185675683
00110111011,50.58089534252315
01101110011,50.58089534252315
01110011011,50.58089534252315
01110110011,50.58089534252315
01000011010,50.595045533188255
00010001110,50.603396288002145
00011100010,50.603396288002145
00101110010,50.61198361494537
00111011101,50.62729010684561
01100010110,50.63625861515142
00001001101,50.63665431050601
00001011001,50.63665431050601
00001100101,50.63665431050601
00001101001,50.63665431050601
00100001101,50.63665431050601
00101100001,50.63665431050601
00110000101,50.63665431050601
00110100001,50.63665431050601
01000011001,50.63665431050601
01001100001,50.63665431050601
01100001001,50.63665431050601
01100100001,50.63665431050601
00001110100,50.638933721370535
00100011100,50.638933721370535
00111010000,50.638933721370535
00001011100,50.63893372137054
00001101100,50.63893372137054
00010011100,50.63893372137054
00011011000,50.63893372137054
00011100100,50.63893372137054
00101110000,50.63893372137054
00111000100,50.63893372137054
01000011100,50.63893372137054
01001110000,50.63893372137054
01100001100,50.63893372137054
01100011000,50.63893372137054
01110000100,50.63893372137054
01110010000,50.63893372137054
00001101101,50.677686738386704
00100111101,50.677686738386704
01001111001,50.677686738386704
00000101101,50.702751470350854
01011000001,50.702751470350854
01100000101,50.702751470350854
01101000001,50.702751470350854
00100110000,50.73535187974717
00110010000,50.73535187974717
01011000000,50.73535187974717
01101000000,50.73535187974717
01011110000,50.751370656270026
01011111000,50.751370656270026
01111010000,50.751370656270026
01111101000,50.751370656270026
00110110101,50.76766998640757
01100110101,50.76766998640757
00101001000,50.77784721602781
00101011011,50.849533556860756
00001011110,50.86574435922593
00001111010,50.86574435922593
01000011110,50.86574435922593
01111000010,50.86574435922593
00000101100,50.88526301607148
00000110100,50.88526301607148
00001001100,50.88526301607148
00001011000,50.88526301607148
00001100100,50.88526301607148
00001101000,50.88526301607148
00010011000,50.88526301607148
00010110000,50.88526301607148
00011001000,50.88526301607148
00011010000,50.88526301607148
00100001100,50.88526301607148
00100011000,50.88526301607148
00110000100,50.88526301607148
00110001000,50.88526301607148
01000001100,50.88526301607148
01000011000,50.88526301607148
01000110000,50.88526301607148
01100000100,50.88526301607148
01100001000,50.88526301607148
01100010000,50.88526301607148
01011111010,50.89407399601667
00010111100,50.901281792594325
00011011100,50.901281792594325
00011101100,50.901281792594325
00011110100,50.901281792594325
00101111000,50.901281792594325
00101111100,50.901281792594325
00110111000,50.901281792594325
00110111100,50.901281792594325
00111011000,50.901281792594325
00111011100,50.901281792594325
00111101000,50.901281792594325
00111101100,50.901281792594325
00111110100,50.901281792594325
01000111100,50.901281792594325
01001111000,50.901281792594325
01001111100,50.901281792594325
01100011100,50.901281792594325
01100111000,50.901281792594325
01100111100,50.901281792594325
01110001100,50.901281792594325
01110011000,50.901281792594325
01110011100,50.901281792594325
01111000100,50.901281792594325
01111001000,50.901281792594325
01111001100,50.901281792594325
01111100100,50.901281792594325
01000001010,50.9171950096418
00010011011,50.92377322442482
00010110011,50.92377322442482
00011001011,50.92377322442482
00011010011,50.92377322442482
00100011011,50.92377322442482
00101100011,50.92377322442482
00110001011,50.92377322442482
00110100011,50.92377322442482
01000110011,50.92377322442482
01001100011,50.92377322442482
01100010011,50.92377322442482
01100100011,50.92377322442482
00010001101,50.929135560866584
00010011001,50.929135560866584
01000110001,50.929135560866584
00000101110,50.967032651638505
00000111010,50.967032651638505
01000001110,50.967032651638505
01110000010,50.967032651638505
00000010100,50.979592040718245
00000101000,50.979592040718245
00001010000,50.979592040718245
00010100000,50.979592040718245
00101000000,50.979592040718245
01000000100,50.979592040718245
01000001000,50.979592040718245
01000010000,50.979592040718245
01000100000,50.979592040718245
01001000000,50.979592040718245
00100111000,50.98991122180323
00111001000,50.98991122180323
00101110101,51.005598367369416
01000010101,51.043300490379934
01011110101,51.043300490379934
01001110101,51.108543158495216
00110011100,51.151370656270025
00111001100,51.151370656270025
00000010110,51.21336194633945
00000011010,51.21336194633945
01000000110,51.21336194633945
01100000010,51.21336194633945
01011111100,51.21629531231896
01111110100,51.21629531231896
00010111110,51.229380722862295
00011111010,51.229380722862295
00110011110,51.229380722862295
00111100110,51.229380722862295
01000111110,51.229380722862295
01111100010,51.229380722862295
00010001100,51.23624051650417
00011000100,51.23624051650417
01110101110,51.23955300145124
01101110000,51.25225929302702
01101111000,51.25225929302702
01110110000,51.25225929302702
01111011000,51.25225929302702
01001011011,51.2645710561396
00011101110,51.265744359225934
01110001110,51.265744359225934
00000100110,51.30159171989277
00000110010,51.30159171989277
00100000110,51.30159171989277
00110000010,51.30159171989277
00011001110,51.31761049641562
00011100110,51.31761049641562
00110001110,51.31761049641562
00111000110,51.31761049641562
01011111110,51.34241194712616
01111111010,51.34241194712616
01001101100,51.3578421510298
01011001100,51.3578421510298
01100110100,51.3578421510298
01101001100,51.3578421510298
01101011011,51.3665893854413
00100111110,51.366632995982926
00111110010,51.366632995982926
01010000101,51.37663382371327
01010111101,51.37663382371327
01110010101,51.380598367369416
00010110101,51.38739208920757
00100010010,51.40683478305277
00001001110,51.4188987888282
00001110010,51.4188987888282
00100001110,51.4188987888282
00111000010,51.4188987888282
00000100101,51.42402702995501
00000101001,51.42402702995501
00001000101,51.42402702995501
00001010001,51.42402702995501
00010000101,51.42402702995501
00010100001,51.42402702995501
00100000101,51.42402702995501
00101000001,51.42402702995501
01000001001,51.42402702995501
01000010001,51.42402702995501
01000100001,51.42402702995501
01001000001,51.42402702995501
01101111101,51.42402702995501
01110111101,51.42402702995501
01111011101,51.42402702995501
01111101101,51.42402702995501
01010011101,51.44187649182855
01100110110,51.44535926431476
00000100100,51.48048067747524
00001000100,51.48048067747524
00001001000,51.48048067747524
00010000100,51.48048067747524
00010010000,51.48048067747524
00100000100,51.48048067747524
00100001000,51.48048067747524
00100010000,51.48048067747524
00010010101,51.48343128036503
00100010101,51.48343128036503
01101110101,51.48343128036503
01110110101,51.48343128036503
01000110101,51.49033688033337
00000110110,51.50428492475914
01100000110,51.50428492475914
00101011000,51.52015915611459
00101101000,51.52015915611459
01001001010,51.54268054960818
00010101110,51.55138891850058
00010111010,51.55138891850058
01000101110,51.55138891850058
01011100010,51.55138891850058
01110001010,51.55138891850058
01110100010,51.55138891850058
00110101100,51.57352429450508
00110110100,51.57352429450508
00000001010,51.618559153591114
01000000010,51.618559153591114
00101001001,51.640928940889566
00100111100,51.65225929302702
00111100100,51.65225929302702
00001000110,51.66522808352913
00001100010,51.66522808352913
00010000110,51.66522808352913
00011000010,51.66522808352913
00010011110,51.681246860051985
00011110010,51.681246860051985
00100011110,51.681246860051985
00111100010,51.681246860051985
00100110110,51.68252354961696
00101100110,51.68252354961696
00110010110,51.68252354961696
00110110010,51.68252354961696
01100100110,51.68252354961696
01100110010,51.68252354961696
00101111110,51.69430537891124
00111111010,51.69430537891124
01001111110,51.69430537891124
01111110010,51.69430537891124
01101101011,51.69992271877464
01101111100,51.71718394907596
01110111100,51.71718394907596
01111011100,51.71718394907596
01111101100,51.71718394907596
00001100110,51.7180101520712
00110000110,51.7180101520712
00001101110,51.730269359619285
00001110110,51.730269359619285
00011011110,51.730269359619285
00011110110,51.730269359619285
01100001110,51.730269359619285
01100011110,51.730269359619285
01110000110,51.730269359619285
01111000110,51.730269359619285
01001011000,51.735841299589865
01011001000,51.735841299589865
01100101000,51.735841299589865
01101001000,51.735841299589865
01100010101,51.76239208920757
00101101101,51.76766998640757
01011011001,51.76766998640757
01101100101,51.76766998640757
01101101001,51.76766998640757
01010001101,51.82367021366671
00110111110,51.83155765203187
00111110110,51.83155765203187
01100111110,51.83155765203187
01111100110,51.83155765203187
00101011100,51.84802884074634
00101110100,51.84802884074634
01001011100,51.84802884074634
01011100100,51.84802884074634
01110010100,51.84802884074634
01110100100,51.84802884074634
00110101011,51.849533556860756
01010110111,51.85444371334007
01010111011,51.85444371334007
01101010111,51.85444371334007
01110101011,51.85444371334007
00100110100,51.89500525922397
00101001100,51.89500525922397
00110010100,51.89500525922397
00110100100,51.89500525922397
01101110110,51.89585126953066
00101011110,51.91502528213694
00101111010,51.91502528213694
01001011110,51.91502528213694
01011110010,51.91502528213694
01111001010,51.91502528213694
01111010010,51.91502528213694
00101010111,51.92153580178676
01101111110,51.932432401278255
01110111110,51.932432401278255
01111101110,51.932432401278255
01111110110,51.932432401278255
00100101001,51.974262274222895
00100110101,51.98442620896688
00110010101,51.98442620896688
01011001001,51.98442620896688
01101001001,51.98442620896688
01010010111,51.98525767732763
00010101100,52.099477663226224
00010110100,52.099477663226224
01000101100,52.099477663226224
01011000100,52.099477663226224
01100010100,52.099477663226224
01101000100,52.099477663226224
01011011010,52.10260874804419
01101010110,52.10260874804419
01001001100,52.11068740269925
01001100100,52.11068740269925
00011001010,52.14914672313955
00011010010,52.14914672313955
00100010110,52.14914672313955
00100011010,52.14914672313955
00101000110,52.14914672313955
00101100010,52.14914672313955
00110001010,52.14914672313955
00110100010,52.14914672313955
00001010110,52.166474104616825
00001011010,52.166474104616825
01000010110,52.166474104616825
01011000010,52.166474104616825
01100001010,52.166474104616825
01101000010,52.166474104616825
00100111010,52.18341218637395
00101001110,52.18341218637395
00111001010,52.18341218637395
00111010010,52.18341218637395
01001001110,52.18341218637395
01001110010,52.18341218637395
00111011110,52.195194015668235
00111101110,52.195194015668235
01110011110,52.195194015668235
01111001110,52.195194015668235
00011010110,52.20768718657999
00011011010,52.20768718657999
01000110110,52.20768718657999
01011000110,52.20768718657999
01100011010,52.20768718657999
01101000110,52.20768718657999
00101010010,52.24710832770647
01010011011,52.2645710561396
01010110011,52.2645710561396
01101010011,52.2645710561396
00100101011,52.27136477797776
00101010011,52.27136477797776
01001001011,52.27136477797776
01010010011,52.27136477797776
01001010100,52.28277629061594
01010010100,52.28277629061594
00010101011,52.303329523624924
00010010110,52.36482886661483
00010011010,52.36482886661483
00010100110,52.36482886661483
00010110010,52.36482886661483
01000100110,52.36482886661483
01000110010,52.36482886661483
01001000110,52.36482886661483
01001100010,52.36482886661483
01100010010,52.36482886661483
01100100010,52.36482886661483
01010001011,52.36705139916579
01010111001,52.380598367369416
00101101110,52.40983540076269
00101110110,52.40983540076269
00110101110,52.40983540076269
00110111010,52.40983540076269
00111010110,52.40983540076269
00111011010,52.40983540076269
01001101110,52.40983540076269
01001110110,52.40983540076269
01011001110,52.40983540076269
01011100110,52.40983540076269
01100101110,52.40983540076269
01100111010,52.40983540076269
01101001110,52.40983540076269
01101110010,52.40983540076269
01110010110,52.40983540076269
01110011010,52.40983540076269
01110100110,52.40983540076269
01110110010,52.40983540076269
00001001010,52.4349032354435
00001010010,52.4349032354435
00100001010,52.4349032354435
00101000010,52.4349032354435
01110101001,52.44432024291028
00010101001,52.48343128036503
00101010001,52.48343128036503
01010001001,52.48343128036503
01010010001,52.48343128036503
01010010010,52.536968076967526
00000010010,52.55955710817591
00000100010,52.55955710817591
00010000010,52.55955710817591
00100000010,52.55955710817591
01011011100,52.610864555444145
01011101100,52.610864555444145
01101011100,52.610864555444145
01101110100,52.610864555444145
01110101100,52.610864555444145
01110110100,52.610864555444145
01001010101,52.61914632860658
01011010101,52.61914632860658
01000010010,52.685601450038284
01001000010,52.685601450038284
01101100100,52.73628858200509
01010110001,52.76239208920757
01010110100,52.79332215297497
01011010100,52.79332215297497
01101010001,52.826113964748444
01011011000,52.83856390787921
00010001010,52.87828473135385
01000100010,52.87828473135385
01010100101,52.881250899894866
01010101101,52.881250899894866
00110101000,52.89860558708987
01010100100,52.926086317542605
00011101010,52.92983534947586
01010001110,52.92983534947586
00101101100,52.951970725480365
00100101101,52.98442620896688
00110101001,52.98442620896688
01010011001,52.98442620896688
01100100101,52.98442620896688
00111010100,53.01079312824635
01110101000,53.02023057404055
01111010100,53.02023057404055
00010010100,53.03364250792653
00010100100,53.03364250792653
01000100100,53.03364250792653
01001000100,53.03364250792653
00110010010,53.05097951756388
00110011010,53.06096998059223
01001100110,53.06096998059223
01010110110,53.09689627540354
01101101010,53.09689627540354
01010011000,53.114287730565145
01101101000,53.1242781935935
00001010100,53.18436209939382
00010101000,53.18436209939382
00101010000,53.18436209939382
01010001000,53.18436209939382
01001010010,53.18628717088309
01010011100,53.226475271721625
01001101010,53.23203830380863
01010011010,53.23203830380863
00100101010,53.24139585506582
00011010100,53.262241950726235
01101010000,53.27167939652044
00100101100,53.27345169019925
00100010100,53.28434072252131
00101000100,53.28434072252131
00111101010,53.29347171311222
01010011110,53.29347171311222
01010111000,53.30594485975484
01010111100,53.30594485975484
00100100110,53.336693803278166
01010010101,53.41914632860659
01010110101,53.41914632860659
01010000100,53.4350603139886
01010010000,53.4350603139886
01101010100,53.436632179901636
00000101010,53.43849858347423
01001001000,53.477024003836874
01010001100,53.47792409420151
01100100100,53.48913383367453
00110101010,53.54201499740195
00001101010,53.544920535592105
01010000110,53.544920535592105
01010110000,53.55739368223472
00100101110,53.56185861734923
01110010010,53.56185861734923
00010110110,53.58613361755528
01101100010,53.58613361755528
00101010100,53.63051409564089
01011011110,53.67601436570574
01011110110,53.67601436570574
01101011110,53.67601436570574
01101111010,53.67601436570574
01111010110,53.67601436570574
01111011010,53.67601436570574
00101010110,53.69325802607892
00101101010,53.69325802607892
01010110010,53.69325802607892
01100101010,53.69325802607892
00010101010,53.6994388610456
00100101000,53.72772221843166
01011010110,53.7462153693191
01101011010,53.7462153693191
01010010110,53.74989969322637
01101010010,53.74989969322637
01000101010,53.760556612217236
01010001010,53.760556612217236
01010111110,53.84394899842053
01111101010,53.84394899842053
01010000010,53.86707001204566
01010111010,53.867686199942774
01011101010,53.867686199942774
01010100110,53.875348330735285
00101001010,53.89071494898138
00110110110,53.96666283814719
00010010010,54.10601157086184
01010101100,54.12217940228411
01011101110,54.18942800385509
01110111010,54.18942800385509
00100100010,54.35670978545662
01101100110,54.39523426671861
01010100010,54.40386663914389
01010101110,54.51099622686943
01110101010,54.51099622686943
01101101110,54.84572627193451
01110110110,54.84572627193451
00101011010,61.03009798261026
01011001010,61.03009798261026
01001010110,61.086739649757696
01001011010,61.086739649757696
01011010010,61.086739649757696
01101001010,61.086739649757696
